skill,capability,owner,primary_hosts,branch_hashes,drift_type,recommendation,notes
openclaw-propose-seal,ROUTING,OPENCLAW,HERMES|KIMI,"{""HERMES"": ""0cfc04904a998b75"", ""KIMI"": ""0a8349e239cbdfe8""}",SPECIALIZATION,MERGE,2 physical branches detected across federation.
image-analyzer-vision,MULTIMODAL_PERCEPTION,HERMES,HERMES|AAA,"{""HERMES"": ""e809dfa27b588c68"", ""AAA"": ""577354fae0757107""}",BIDIRECTIONAL_DIVERGENCE,MERGE,2 physical branches detected across federation.
APEX-quantum-eureka,RESEARCH,HERMES,HERMES|AAA,"{""HERMES"": ""42bd2470bbc8f669"", ""AAA"": ""d8c6c02caa2ac12f""}",BIDIRECTIONAL_DIVERGENCE,MERGE,2 physical branches detected across federation.
AGI-plan-dag,ROUTING,OPENCLAW,HERMES|AAA,"{""HERMES"": ""492b1b1eddb68684"", ""AAA"": ""92ba466639aa896b""}",BIDIRECTIONAL_DIVERGENCE,MERGE,2 physical branches detected across federation.
AUDIT-repo-reality,RESEARCH,HERMES,HERMES|AAA,"{""HERMES"": ""660bd5ecc14bb372"", ""AAA"": ""680b71c65d0b9b5e""}",BIDIRECTIONAL_DIVERGENCE,MERGE,2 physical branches detected across federation.
runpod,RESEARCH,HERMES,HERMES|AAA,"{""HERMES"": ""6ead1e8472532ec3"", ""AAA"": ""d0289b1b0c98f2e6""}",BIDIRECTIONAL_DIVERGENCE,MERGE,2 physical branches detected across federation.
FORGE-well-boundary-repair,RESEARCH,HERMES,HERMES|AAA,"{""HERMES"": ""2c4a29f54631ee70"", ""AAA"": ""c766ca75703f78ba""}",BIDIRECTIONAL_DIVERGENCE,MERGE,2 physical branches detected across federation.
FORGE-issue-triage,RESEARCH,HERMES,HERMES|AAA,"{""HERMES"": ""c25234853a6f3b1b"", ""AAA"": ""7913b30e9b57a5e6""}",BIDIRECTIONAL_DIVERGENCE,MERGE,2 physical branches detected across federation.
FORGE-subagent-lifecycle,RESEARCH,HERMES,HERMES|AAA,"{""HERMES"": ""96953261f4ee6e22"", ""AAA"": ""b5ce923a00deb062""}",BIDIRECTIONAL_DIVERGENCE,MERGE,2 physical branches detected across federation.
AAA-tts-engine-catalog,MULTIMODAL_PERCEPTION,HERMES,HERMES|AAA,"{""HERMES"": ""f018df10cf03d47d"", ""AAA"": ""e18543f19887fc5e""}",BIDIRECTIONAL_DIVERGENCE,MERGE,2 physical branches detected across federation.
AAA-voice-cloning-qwen-cloud,MULTIMODAL_PERCEPTION,HERMES,HERMES|AAA,"{""HERMES"": ""1d0ecb5f69d4c77b"", ""AAA"": ""f3b93a8894d0eda2""}",BIDIRECTIONAL_DIVERGENCE,MERGE,2 physical branches detected across federation.
FORGE-seal-a-close,GOVERNANCE,AAA,HERMES|AAA,"{""HERMES"": ""2fde4561628a3da0"", ""AAA"": ""d2252c8612ddb5b3""}",BIDIRECTIONAL_DIVERGENCE,MERGE,2 physical branches detected across federation.
FORGE-telegram-audit,RESEARCH,HERMES,HERMES|AAA,"{""HERMES"": ""f3c468e38544a7b8"", ""AAA"": ""659862f5dd051970""}",BIDIRECTIONAL_DIVERGENCE,MERGE,2 physical branches detected across federation.
scripts,RESEARCH,HERMES,HERMES|AAA,"{""HERMES"": ""42b77286389c47b6"", ""AAA"": ""5108a4d329e75e0c""}",BIDIRECTIONAL_DIVERGENCE,MERGE,2 physical branches detected across federation.
runtime,RESEARCH,HERMES,HERMES|AAA,"{""HERMES"": ""f646b772f54c86c5"", ""AAA"": ""0d845b3953df5c87""}",BIDIRECTIONAL_DIVERGENCE,MERGE,2 physical branches detected across federation.
FORGE-mcp-testing,CODING,A2M,HERMES|OPENCODE_CONFIG,"{""HERMES"": ""51101f5b59c4a1b0"", ""OPENCODE_CONFIG"": ""d6754c26fa8859f2""}",A2M_DRIFT_IN_HERMES,PROMOTE_AAA,2 physical branches detected across federation.
fi-mesh-check,ROUTING,OPENCLAW,HERMES|AAA,"{""HERMES"": ""6c7ac530ccdc1732"", ""AAA"": ""d3499aa1d0c2d8e5""}",BIDIRECTIONAL_DIVERGENCE,MERGE,2 physical branches detected across federation.
arifos-external-council,RESEARCH,HERMES,HERMES|AAA,"{""HERMES"": ""d949aaa99a92ecd7"", ""AAA"": ""b7658aa1d1a7922c""}",BIDIRECTIONAL_DIVERGENCE,MERGE,2 physical branches detected across federation.
ASI-drift-watch,RESEARCH,HERMES,HERMES|KIMI,"{""HERMES"": ""0c10ddeb21d2eb93"", ""KIMI"": ""f5aa24dbd8744ddf""}",SPECIALIZATION,MERGE,2 physical branches detected across federation.
ASI-agentic-governance,RESEARCH,HERMES,HERMES|AAA,"{""HERMES"": ""6c606c70e52cb10e"", ""AAA"": ""005ba7bd1b972ea0""}",BIDIRECTIONAL_DIVERGENCE,MERGE,2 physical branches detected across federation.
AAA-audio-qualia-doctrine,MULTIMODAL_PERCEPTION,HERMES,HERMES|AAA,"{""HERMES"": ""bd477016dd49b03b"", ""AAA"": ""9d090fd9ec11ea43""}",BIDIRECTIONAL_DIVERGENCE,MERGE,2 physical branches detected across federation.
help,RESEARCH,HERMES,HERMES|AAA,"{""HERMES"": ""a87267729d4e83bf"", ""AAA"": ""ff786012f111ca1e""}",BIDIRECTIONAL_DIVERGENCE,MERGE,2 physical branches detected across federation.
FORGE-route-least-power,CODING,A2M,HERMES|AAA,"{""HERMES"": ""d52403f33d08c633"", ""AAA"": ""8bdf9c86f59b6145""}",A2M_DRIFT_IN_HERMES,PROMOTE_AAA,2 physical branches detected across federation.
runpod-usage,RESEARCH,HERMES,HERMES|AAA,"{""HERMES"": ""ec0f5baf2f8e3e4b"", ""AAA"": ""f1992851556c610b""}",BIDIRECTIONAL_DIVERGENCE,MERGE,2 physical branches detected across federation.
FORGE-redis-qdrant-integration,CODING,A2M,HERMES|AAA,"{""HERMES"": ""f329a0b8c69e9427"", ""AAA"": ""3f5a3b401f898246""}",A2M_DRIFT_IN_HERMES,PROMOTE_AAA,2 physical branches detected across federation.
cognitive-level-assertion-protocol,RESEARCH,HERMES,HERMES|KIMI,"{""HERMES"": ""4010c97f965945f2"", ""KIMI"": ""1618e2e0b80f6d95""}",SPECIALIZATION,MERGE,2 physical branches detected across federation.
FLAME-operator,RESEARCH,HERMES,HERMES|KIMI,"{""HERMES"": ""5acd808a4f799650"", ""KIMI"": ""0382a72c4d848b3d""}",SPECIALIZATION,MERGE,2 physical branches detected across federation.
FORGE-t3a-binding-matrix,RESEARCH,HERMES,HERMES|AAA,"{""HERMES"": ""c6a24c6e46536917"", ""AAA"": ""de4ab458806a2be3""}",BIDIRECTIONAL_DIVERGENCE,MERGE,2 physical branches detected across federation.
FORGE-call-map,RESEARCH,HERMES,HERMES|AAA,"{""HERMES"": ""9c4c25f0addb2adf"", ""AAA"": ""3cf9b0f2292ca768""}",BIDIRECTIONAL_DIVERGENCE,MERGE,2 physical branches detected across federation.
FORGE-document-intelligence,RESEARCH,HERMES,HERMES|AAA|KIMI,"{""HERMES"": ""d7514ae8d77d89b1"", ""AAA"": ""74732c5434dc3d12"", ""KIMI"": ""8ccb657c3c790f77""}",BIDIRECTIONAL_DIVERGENCE,MERGE,3 physical branches detected across federation.
reality-loop-operator,RESEARCH,HERMES,HERMES|AAA,"{""HERMES"": ""e984d3b0db16f24a"", ""AAA"": ""ded9f02ad213840b""}",BIDIRECTIONAL_DIVERGENCE,MERGE,2 physical branches detected across federation.
FORGE-federation-manifest,RESEARCH,HERMES,HERMES|AAA,"{""HERMES"": ""dcc71567894f22f2"", ""AAA"": ""8b270d3416b0a846""}",BIDIRECTIONAL_DIVERGENCE,MERGE,2 physical branches detected across federation.
FORGE-fastmcp,CODING,A2M,HERMES|AAA,"{""HERMES"": ""c165113703a97f40"", ""AAA"": ""6ba83abfa8db43df""}",A2M_DRIFT_IN_HERMES,PROMOTE_AAA,2 physical branches detected across federation.
wisdom-scar-session-audit,RESEARCH,HERMES,HERMES|AAA,"{""HERMES"": ""f168d9ddf0418241"", ""AAA"": ""5fff2c41048a0e07""}",BIDIRECTIONAL_DIVERGENCE,MERGE,2 physical branches detected across federation.
wealth-claim-state,RESEARCH,HERMES,HERMES|AAA,"{""HERMES"": ""40c25878e8351358"", ""AAA"": ""af97c920ba6ab2e3""}",BIDIRECTIONAL_DIVERGENCE,MERGE,2 physical branches detected across federation.
FORGE-vps-docker,DEPLOYMENT,A-FORGE,HERMES|KIMI,"{""HERMES"": ""9b7c895e971df484"", ""KIMI"": ""a8aa4e338ad38f92""}",A2M_DRIFT_IN_HERMES,PROMOTE_AAA,2 physical branches detected across federation.
firecrawl-web-search,RESEARCH,HERMES,HERMES|KIMI,"{""HERMES"": ""1055569e9197ba56"", ""KIMI"": ""0aca5f4856015a5b""}",SPECIALIZATION,MERGE,2 physical branches detected across federation.
openclaw,ROUTING,OPENCLAW,HERMES|AAA,"{""HERMES"": ""d86a0ef987ec5d6f"", ""AAA"": ""2fcbed75c645def0""}",BIDIRECTIONAL_DIVERGENCE,MERGE,2 physical branches detected across federation.
forge-multimodal-router,ROUTING,OPENCLAW,HERMES|AAA,"{""HERMES"": ""f62ae1f77875546c"", ""AAA"": ""34a4ad9b5c6c4812""}",BIDIRECTIONAL_DIVERGENCE,MERGE,2 physical branches detected across federation.
AAA-asr-glm-ingest,MULTIMODAL_PERCEPTION,HERMES,HERMES|AAA,"{""HERMES"": ""191de843884c2b7c"", ""AAA"": ""ffebffad828f6893""}",BIDIRECTIONAL_DIVERGENCE,MERGE,2 physical branches detected across federation.
institutional-epistemic-sink-forensics,RESEARCH,HERMES,HERMES|KIMI|OPENCODE_CONFIG,"{""HERMES"": ""9f2c31a7cb768afc"", ""KIMI"": ""c9d936bbe0b9ea48"", ""OPENCODE_CONFIG"": ""c9d936bbe0b9ea48""}",SPECIALIZATION,MERGE,3 physical branches detected across federation.
FORGE-github-ops,CODING,A2M,HERMES|AAA,"{""HERMES"": ""6622a2212147cf99"", ""AAA"": ""80ac10a938314b3b""}",A2M_DRIFT_IN_HERMES,PROMOTE_AAA,2 physical branches detected across federation.
EUREKA777-paradox-resolution,RESEARCH,HERMES,HERMES|KIMI,"{""HERMES"": ""1ff295f64c1e31c5"", ""KIMI"": ""e52834617093ae3f""}",SPECIALIZATION,MERGE,2 physical branches detected across federation.
MY-REALITY-STACK,RESEARCH,HERMES,HERMES|AAA,"{""HERMES"": ""a48d4d164cb2abb6"", ""AAA"": ""f88f7d04a338aac3""}",BIDIRECTIONAL_DIVERGENCE,MERGE,2 physical branches detected across federation.
FORGE-agentic-web-builder,CODING,A2M,HERMES|AAA,"{""HERMES"": ""041879b41728259e"", ""AAA"": ""63ca7445868f2557""}",A2M_DRIFT_IN_HERMES,PROMOTE_AAA,2 physical branches detected across federation.
FORGE-context-compressor,RESEARCH,HERMES,HERMES|AAA,"{""HERMES"": ""2547a3fc30078f4d"", ""AAA"": ""fc59f7cdfce259f7""}",BIDIRECTIONAL_DIVERGENCE,MERGE,2 physical branches detected across federation.
substrate,RESEARCH,HERMES,HERMES|AAA,"{""HERMES"": ""f24141e73e5d26e9"", ""AAA"": ""0f6cccf03c55aa45""}",BIDIRECTIONAL_DIVERGENCE,MERGE,2 physical branches detected across federation.
FORGE-infra-crons,DEPLOYMENT,A-FORGE,HERMES|AAA,"{""HERMES"": ""c13939308470ff4d"", ""AAA"": ""7436c389f4dd1df8""}",A2M_DRIFT_IN_HERMES,PROMOTE_AAA,2 physical branches detected across federation.
FORGE-did-web-identity,RESEARCH,HERMES,HERMES|AAA,"{""HERMES"": ""4bd1985d31fcc4fe"", ""AAA"": ""62cc45721fc25c79""}",BIDIRECTIONAL_DIVERGENCE,MERGE,2 physical branches detected across federation.
seven-zen-organs-enforcement,RESEARCH,HERMES,HERMES|KIMI,"{""HERMES"": ""53a369fbc67a9ada"", ""KIMI"": ""85a3e489b974f470""}",SPECIALIZATION,MERGE,2 physical branches detected across federation.
FORGE-spatial-grounding,RESEARCH,HERMES,HERMES|AAA,"{""HERMES"": ""9fbf4b38fcdbde4e"", ""AAA"": ""d74c953cace45c46""}",BIDIRECTIONAL_DIVERGENCE,MERGE,2 physical branches detected across federation.
AAA-audio-emd-pipeline,MULTIMODAL_PERCEPTION,HERMES,HERMES|AAA,"{""HERMES"": ""8629165faf2d88fa"", ""AAA"": ""abf0f3c08948fcc7""}",BIDIRECTIONAL_DIVERGENCE,MERGE,2 physical branches detected across federation.
FORGE-mcp-probe,RESEARCH,HERMES,HERMES|OPENCODE_CONFIG,"{""HERMES"": ""aa6c03dc44e5c0d5"", ""OPENCODE_CONFIG"": ""96c31c7b48811d0f""}",SPECIALIZATION,MERGE,2 physical branches detected across federation.
FORGE-subagent-spawn,RESEARCH,HERMES,HERMES|AAA,"{""HERMES"": ""1b6000431bc2b25f"", ""AAA"": ""c641fb7fb902b513""}",BIDIRECTIONAL_DIVERGENCE,MERGE,2 physical branches detected across federation.
PETRONAS-intelligence-router,ROUTING,OPENCLAW,HERMES|KIMI,"{""HERMES"": ""e1bb0783ab777c37"", ""KIMI"": ""591d4ee24b61b1d2""}",SPECIALIZATION,MERGE,2 physical branches detected across federation.
fi-qwen-upgrade,RESEARCH,HERMES,HERMES|AAA,"{""HERMES"": ""14f749efc9bce3d9"", ""AAA"": ""398a567498066612""}",BIDIRECTIONAL_DIVERGENCE,MERGE,2 physical branches detected across federation.
federation-connect-headscale,RESEARCH,HERMES,HERMES|AAA,"{""HERMES"": ""68eca6429f229eee"", ""AAA"": ""1adae220956c1d24""}",BIDIRECTIONAL_DIVERGENCE,MERGE,2 physical branches detected across federation.
cognitive-commands,RESEARCH,HERMES,HERMES|AAA,"{""HERMES"": ""379958922d01e7f1"", ""AAA"": ""c7e2fa912126ca38""}",BIDIRECTIONAL_DIVERGENCE,MERGE,2 physical branches detected across federation.
FORGE-cross-repo-doc-zen,RESEARCH,HERMES,HERMES|AAA,"{""HERMES"": ""d250bc3790e0b793"", ""AAA"": ""1e45b79d47358537""}",BIDIRECTIONAL_DIVERGENCE,MERGE,2 physical branches detected across federation.
FORGE-vault999-witness,RESEARCH,HERMES,HERMES|AAA,"{""HERMES"": ""c728d5926becd42a"", ""AAA"": ""99efcce1286ebc56""}",BIDIRECTIONAL_DIVERGENCE,MERGE,2 physical branches detected across federation.
RSI-federation-mesh,ROUTING,OPENCLAW,HERMES|AAA,"{""HERMES"": ""ca7bf203b0f23b46"", ""AAA"": ""8f43ae58f1d3b4fc""}",BIDIRECTIONAL_DIVERGENCE,MERGE,2 physical branches detected across federation.
FORGE-governance-jsonld,RESEARCH,HERMES,HERMES|AAA,"{""HERMES"": ""fbe44f1636008b7e"", ""AAA"": ""2609f73c3f5be25b""}",BIDIRECTIONAL_DIVERGENCE,MERGE,2 physical branches detected across federation.
imagine,RESEARCH,HERMES,HERMES|AAA,"{""HERMES"": ""d8b2a74587c91b79"", ""AAA"": ""2e99c07d67bc3b40""}",BIDIRECTIONAL_DIVERGENCE,MERGE,2 physical branches detected across federation.
FORGE-nextjs-mastery,CODING,A2M,HERMES|AAA,"{""HERMES"": ""d5667d95d2a8468b"", ""AAA"": ""18d0758cfc855742""}",A2M_DRIFT_IN_HERMES,PROMOTE_AAA,2 physical branches detected across federation.
minimax-image-gen,MULTIMODAL_PERCEPTION,HERMES,HERMES|AAA,"{""HERMES"": ""9d4a5ecdcb723ebe"", ""AAA"": ""d3233cc5d7ad1e26""}",BIDIRECTIONAL_DIVERGENCE,MERGE,2 physical branches detected across federation.
warga,RESEARCH,HERMES,HERMES|AAA,"{""HERMES"": ""1b6db143e96dd61f"", ""AAA"": ""7c975c901905dba1""}",BIDIRECTIONAL_DIVERGENCE,MERGE,2 physical branches detected across federation.
AGI-graph-engineering-patterns,RESEARCH,HERMES,HERMES|AAA,"{""HERMES"": ""fd1dbaeec3d44f87"", ""AAA"": ""4e0be441046c7754""}",BIDIRECTIONAL_DIVERGENCE,MERGE,2 physical branches detected across federation.
docs,RESEARCH,HERMES,HERMES|AAA,"{""HERMES"": ""7124e8e0d03fee0b"", ""AAA"": ""55b146c9757c4d00""}",BIDIRECTIONAL_DIVERGENCE,MERGE,2 physical branches detected across federation.
HERMES-opencode-protocol,CODING,A2M,HERMES|AAA,"{""HERMES"": ""550663cb4284b420"", ""AAA"": ""d83b227a8716fd70""}",A2M_DRIFT_IN_HERMES,PROMOTE_AAA,2 physical branches detected across federation.
FORGE-secret-hygiene,RESEARCH,HERMES,HERMES|AAA,"{""HERMES"": ""79a6e1d5ba4565af"", ""AAA"": ""87c533f82934a579""}",BIDIRECTIONAL_DIVERGENCE,MERGE,2 physical branches detected across federation.
FORGE-ephemeral-genesis,RESEARCH,HERMES,HERMES|AAA,"{""HERMES"": ""1693b6a57f97b899"", ""AAA"": ""6395b5313a08f13f""}",BIDIRECTIONAL_DIVERGENCE,MERGE,2 physical branches detected across federation.
FORGE-fastapi-api-builder,CODING,A2M,HERMES|AAA,"{""HERMES"": ""dbd7ecf6eca5c921"", ""AAA"": ""78d665c4914d86d3""}",A2M_DRIFT_IN_HERMES,PROMOTE_AAA,2 physical branches detected across federation.
FORGE-infra-guardian,DEPLOYMENT,A-FORGE,HERMES|AAA,"{""HERMES"": ""6004a26cfeb68d67"", ""AAA"": ""9880ee4f7737eb04""}",A2M_DRIFT_IN_HERMES,PROMOTE_AAA,2 physical branches detected across federation.
FORGE-tailwind-tokens,RESEARCH,HERMES,HERMES|AAA,"{""HERMES"": ""54df8271c898c102"", ""AAA"": ""4c9e83e889e20420""}",BIDIRECTIONAL_DIVERGENCE,MERGE,2 physical branches detected across federation.
hermes-gateway-image-routing,ROUTING,OPENCLAW,HERMES|AAA,"{""HERMES"": ""332eab75f75df866"", ""AAA"": ""044903583bf02063""}",BIDIRECTIONAL_DIVERGENCE,MERGE,2 physical branches detected across federation.
AAA-voice-cloning-mimo-minimax,MULTIMODAL_PERCEPTION,HERMES,HERMES|AAA,"{""HERMES"": ""e17215e890efbabe"", ""AAA"": ""ee22191bcf9e98b2""}",BIDIRECTIONAL_DIVERGENCE,MERGE,2 physical branches detected across federation.
ASI-agentic-architecture,RESEARCH,HERMES,HERMES|AAA,"{""HERMES"": ""5e827883aa4f5b4a"", ""AAA"": ""cfe03ed12e41f857""}",BIDIRECTIONAL_DIVERGENCE,MERGE,2 physical branches detected across federation.
arifos-constitutional-judge,RESEARCH,HERMES,HERMES|AAA,"{""HERMES"": ""0eb3d68ced32e572"", ""AAA"": ""653b3596b2bf8fd2""}",BIDIRECTIONAL_DIVERGENCE,MERGE,2 physical branches detected across federation.
KERNEL-trinity-33,GOVERNANCE,AAA,HERMES|AAA,"{""HERMES"": ""2c45f189966deee1"", ""AAA"": ""feed34faf1f01c1d""}",BIDIRECTIONAL_DIVERGENCE,MERGE,2 physical branches detected across federation.
FORGE-incident-triage,RESEARCH,HERMES,HERMES|KIMI,"{""HERMES"": ""3a130a6f3d421094"", ""KIMI"": ""d5f3c438c138bfc9""}",SPECIALIZATION,MERGE,2 physical branches detected across federation.
federation-release-attestation,CODING,A2M,HERMES|AAA,"{""HERMES"": ""c426936d970c1f2d"", ""AAA"": ""eecafeba08c1514c""}",A2M_DRIFT_IN_HERMES,PROMOTE_AAA,2 physical branches detected across federation.
arifos-kernel-zen-audit,GOVERNANCE,AAA,HERMES|AAA,"{""HERMES"": ""d26d39ce093313d0"", ""AAA"": ""3d440e65dcb8eeb2""}",BIDIRECTIONAL_DIVERGENCE,MERGE,2 physical branches detected across federation.
aaa-pdf-voice-protocol,MULTIMODAL_PERCEPTION,HERMES,HERMES|AAA,"{""HERMES"": ""5f3d02096e50a93d"", ""AAA"": ""db5d3ee7794085a1""}",BIDIRECTIONAL_DIVERGENCE,MERGE,2 physical branches detected across federation.
FORGE-google-workspace,RESEARCH,HERMES,HERMES|AAA,"{""HERMES"": ""d9c01a9fa53862a9"", ""AAA"": ""d04d987e314d5581""}",BIDIRECTIONAL_DIVERGENCE,MERGE,2 physical branches detected across federation.
atlas333-cognitive-geometry,RESEARCH,HERMES,HERMES|KIMI,"{""HERMES"": ""075185e4ca631405"", ""KIMI"": ""74e65b3840483c2a""}",SPECIALIZATION,MERGE,2 physical branches detected across federation.
knowledge,RESEARCH,HERMES,HERMES|AAA,"{""HERMES"": ""d7124d5675a7f173"", ""AAA"": ""ffaa5ae8f430541c""}",BIDIRECTIONAL_DIVERGENCE,MERGE,2 physical branches detected across federation.
FORGE-mcp-a2a-agentic,RESEARCH,HERMES,HERMES|AAA,"{""HERMES"": ""83a11be9a36c0fbb"", ""AAA"": ""dc18d19f9a00bc93""}",BIDIRECTIONAL_DIVERGENCE,MERGE,2 physical branches detected across federation.
FORGE-esm-require-guard,RESEARCH,HERMES,HERMES|AAA,"{""HERMES"": ""6de9d8fa8cc22783"", ""AAA"": ""ed08afe02f6db325""}",BIDIRECTIONAL_DIVERGENCE,MERGE,2 physical branches detected across federation.
ASI-agent-invariants,RESEARCH,HERMES,HERMES|AAA,"{""HERMES"": ""6c730fa76e766084"", ""AAA"": ""ccc8ed20c858716a""}",BIDIRECTIONAL_DIVERGENCE,MERGE,2 physical branches detected across federation.
ASI-summarize,RESEARCH,HERMES,HERMES|AAA,"{""HERMES"": ""354e26ff6d98bf18"", ""AAA"": ""a56c63832557deb5""}",BIDIRECTIONAL_DIVERGENCE,MERGE,2 physical branches detected across federation.
FORGE-docker-entropy,DEPLOYMENT,A-FORGE,HERMES|KIMI,"{""HERMES"": ""847f65359704cfc0"", ""KIMI"": ""74439a0f1185c19b""}",A2M_DRIFT_IN_HERMES,PROMOTE_AAA,2 physical branches detected across federation.
AAA-somatic-engine-catalog,RESEARCH,HERMES,HERMES|AAA,"{""HERMES"": ""3a140dbd4e62743e"", ""AAA"": ""981c682ab98db3f2""}",BIDIRECTIONAL_DIVERGENCE,MERGE,2 physical branches detected across federation.
FORGE-verify-runtime,GOVERNANCE,AAA,HERMES|KIMI,"{""HERMES"": ""b737f59c4b55cde2"", ""KIMI"": ""a31e8d7ea5723d56""}",SPECIALIZATION,MERGE,2 physical branches detected across federation.
FORGE-symlink-audit,DEPLOYMENT,A-FORGE,HERMES|AAA,"{""HERMES"": ""7415750584a70c46"", ""AAA"": ""15e167c0df845f9b""}",A2M_DRIFT_IN_HERMES,PROMOTE_AAA,2 physical branches detected across federation.
reflective,RESEARCH,HERMES,HERMES|AAA,"{""HERMES"": ""6841b29e00f1591c"", ""AAA"": ""b3366e635d5d16d4""}",BIDIRECTIONAL_DIVERGENCE,MERGE,2 physical branches detected across federation.
FORGE-mcp-gui,RESEARCH,HERMES,HERMES|AAA,"{""HERMES"": ""b2c8811bfb429d06"", ""AAA"": ""11d455508edd2ed3""}",BIDIRECTIONAL_DIVERGENCE,MERGE,2 physical branches detected across federation.
FORGE-repo-intelligence,RESEARCH,HERMES,HERMES|AAA,"{""HERMES"": ""89ec5d68efc20a66"", ""AAA"": ""b84adeb85d9f926a""}",BIDIRECTIONAL_DIVERGENCE,MERGE,2 physical branches detected across federation.
AAA-setup-help,RESEARCH,HERMES,HERMES|AAA,"{""HERMES"": ""bc4d646dea35d877"", ""AAA"": ""e2265f673c398976""}",BIDIRECTIONAL_DIVERGENCE,MERGE,2 physical branches detected across federation.
fi-zai-probe,RESEARCH,HERMES,HERMES|AAA,"{""HERMES"": ""da88748c278fbd8b"", ""AAA"": ""c2b1f2c0e728c986""}",BIDIRECTIONAL_DIVERGENCE,MERGE,2 physical branches detected across federation.
geox-production-cockpit,RESEARCH,HERMES,HERMES|AAA,"{""HERMES"": ""f7d9e540096e8014"", ""AAA"": ""990d082bd63083f5""}",BIDIRECTIONAL_DIVERGENCE,MERGE,2 physical branches detected across federation.
external-artifact-verdict,RESEARCH,HERMES,HERMES|AAA,"{""HERMES"": ""486c24711dfbb3eb"", ""AAA"": ""0ba18e38654bfafc""}",BIDIRECTIONAL_DIVERGENCE,MERGE,2 physical branches detected across federation.
token-plan-image,RESEARCH,HERMES,HERMES|AAA,"{""HERMES"": ""4e4cc4a60a3a6617"", ""AAA"": ""c48706b9273328ba""}",BIDIRECTIONAL_DIVERGENCE,MERGE,2 physical branches detected across federation.
runpod-mcp,RESEARCH,HERMES,HERMES|AAA,"{""HERMES"": ""49e6e1308b24e5d8"", ""AAA"": ""b6cd7fb52dd7af76""}",BIDIRECTIONAL_DIVERGENCE,MERGE,2 physical branches detected across federation.
AAA-somatic-music-doctrine,RESEARCH,HERMES,HERMES|AAA,"{""HERMES"": ""7f980d85ba1546a0"", ""AAA"": ""50b18cc1ffd19fa8""}",BIDIRECTIONAL_DIVERGENCE,MERGE,2 physical branches detected across federation.
FORGE-lsp-pre-edit-gate,CODING,A2M,HERMES|AAA,"{""HERMES"": ""82499a1e70f9a404"", ""AAA"": ""e832956ebf00baa8""}",A2M_DRIFT_IN_HERMES,PROMOTE_AAA,2 physical branches detected across federation.
hermes-federated-identity,RESEARCH,HERMES,HERMES|AAA,"{""HERMES"": ""c4aa4d75b5e68cd7"", ""AAA"": ""d8322aa50459d8d8""}",BIDIRECTIONAL_DIVERGENCE,MERGE,2 physical branches detected across federation.
qwen-harness-tools,RESEARCH,HERMES,HERMES|AAA,"{""HERMES"": ""d30b2b9c13995c08"", ""AAA"": ""4c33a128c27af40e""}",BIDIRECTIONAL_DIVERGENCE,MERGE,2 physical branches detected across federation.
FORGE-postgres-schema-design,CODING,A2M,HERMES|AAA,"{""HERMES"": ""b1d45741219e982b"", ""AAA"": ""2dae63430817ca9a""}",A2M_DRIFT_IN_HERMES,PROMOTE_AAA,2 physical branches detected across federation.
FORGE-model-monitor,RESEARCH,HERMES,HERMES|AAA,"{""HERMES"": ""ab8980c24093782b"", ""AAA"": ""bf392cf224256f74""}",BIDIRECTIONAL_DIVERGENCE,MERGE,2 physical branches detected across federation.
FLAME-router,ROUTING,OPENCLAW,HERMES|KIMI,"{""HERMES"": ""16793cedb8880226"", ""KIMI"": ""46f39a23889cc222""}",SPECIALIZATION,MERGE,2 physical branches detected across federation.
companion-clis,RESEARCH,HERMES,HERMES|AAA,"{""HERMES"": ""5aa33059d0b36235"", ""AAA"": ""cef4437253e8253f""}",BIDIRECTIONAL_DIVERGENCE,MERGE,2 physical branches detected across federation.
FORGE-visual-qa-w3,RESEARCH,HERMES,HERMES|AAA,"{""HERMES"": ""708ac95f596b9a15"", ""AAA"": ""5e15ab709ab9a3a6""}",BIDIRECTIONAL_DIVERGENCE,MERGE,2 physical branches detected across federation.
delta-omega-psi-multimodal-cognition,RESEARCH,HERMES,HERMES|AAA,"{""HERMES"": ""17c5f58624f993f4"", ""AAA"": ""862ec1af4e63ad54""}",BIDIRECTIONAL_DIVERGENCE,MERGE,2 physical branches detected across federation.
xauusd-trading,RESEARCH,HERMES,HERMES|AAA,"{""HERMES"": ""a5e9b67b08e91394"", ""AAA"": ""147d5a5a1b80972a""}",BIDIRECTIONAL_DIVERGENCE,MERGE,2 physical branches detected across federation.
flash,RESEARCH,HERMES,HERMES|AAA,"{""HERMES"": ""95a1b57f25ca6fa7"", ""AAA"": ""3e5ad053e4af1165""}",BIDIRECTIONAL_DIVERGENCE,MERGE,2 physical branches detected across federation.
FORGE-cross-agent-handoff,ROUTING,OPENCLAW,HERMES|AAA,"{""HERMES"": ""dad5a1f7d6c55b00"", ""AAA"": ""18d632fb96e4b804""}",BIDIRECTIONAL_DIVERGENCE,MERGE,2 physical branches detected across federation.
causal555-pywhy,RESEARCH,HERMES,HERMES|AAA,"{""HERMES"": ""1c0e8037a3dc1377"", ""AAA"": ""d95cf0332c1d4f6b""}",BIDIRECTIONAL_DIVERGENCE,MERGE,2 physical branches detected across federation.
FORGE-komda-color-law,RESEARCH,HERMES,HERMES|AAA,"{""HERMES"": ""f7b47f509648ce1c"", ""AAA"": ""54f86ff5e37e096c""}",BIDIRECTIONAL_DIVERGENCE,MERGE,2 physical branches detected across federation.
FORGE-onboarding,RESEARCH,HERMES,HERMES|AAA,"{""HERMES"": ""59f2205edd0758f7"", ""AAA"": ""66df150705492b04""}",BIDIRECTIONAL_DIVERGENCE,MERGE,2 physical branches detected across federation.
FORGE-federation-orchestrator,RESEARCH,HERMES,HERMES|KIMI,"{""HERMES"": ""ab696926b4319dd1"", ""KIMI"": ""fb8f97f2c3806922""}",SPECIALIZATION,MERGE,2 physical branches detected across federation.
AAA-OCR-optical-compression,RESEARCH,HERMES,HERMES|AAA,"{""HERMES"": ""c306617612e7c3f0"", ""AAA"": ""7922e5376086946d""}",BIDIRECTIONAL_DIVERGENCE,MERGE,2 physical branches detected across federation.
AGI-decisions-reflect,RESEARCH,HERMES,HERMES|AAA,"{""HERMES"": ""90d4dda6d087a5f7"", ""AAA"": ""15d7c9b079c257d6""}",BIDIRECTIONAL_DIVERGENCE,MERGE,2 physical branches detected across federation.
FORGE-react-spa-discipline,CODING,A2M,HERMES|AAA,"{""HERMES"": ""918f340f5bf24e70"", ""AAA"": ""3a30ccfc6f9b65f1""}",A2M_DRIFT_IN_HERMES,PROMOTE_AAA,2 physical branches detected across federation.
submission-readiness-audit,RESEARCH,HERMES,HERMES|AAA,"{""HERMES"": ""b3340f76b2e06bbc"", ""AAA"": ""1aa54a260d90b6e3""}",BIDIRECTIONAL_DIVERGENCE,MERGE,2 physical branches detected across federation.
AGI-web-optimization,RESEARCH,HERMES,HERMES|AAA,"{""HERMES"": ""2a91038bf315e635"", ""AAA"": ""9feb772c5396e4d7""}",BIDIRECTIONAL_DIVERGENCE,MERGE,2 physical branches detected across federation.
AAA-somatic-emd-pipeline,RESEARCH,HERMES,HERMES|AAA,"{""HERMES"": ""5e8c9eb956e6a242"", ""AAA"": ""97060622f0707153""}",BIDIRECTIONAL_DIVERGENCE,MERGE,2 physical branches detected across federation.
APEX-fff-loop-protocol,RESEARCH,HERMES,HERMES|KIMI,"{""HERMES"": ""d0cd7fb563789f3d"", ""KIMI"": ""6443093409893513""}",SPECIALIZATION,MERGE,2 physical branches detected across federation.
AGI-multimodal-bridge,RESEARCH,HERMES,HERMES|AAA,"{""HERMES"": ""924fcbc12ac7ac1b"", ""AAA"": ""9fb2e9fbf1ee4dc1""}",BIDIRECTIONAL_DIVERGENCE,MERGE,2 physical branches detected across federation.
FORGE-ci-diagnose,RESEARCH,HERMES,HERMES|AAA,"{""HERMES"": ""45d141ae14d061dc"", ""AAA"": ""eec9bca65f20191e""}",BIDIRECTIONAL_DIVERGENCE,MERGE,2 physical branches detected across federation.
FORGE-code-analysis,CODING,A2M,HERMES|AAA,"{""HERMES"": ""bbf91b6436bca791"", ""AAA"": ""1afadac13a6703f7""}",A2M_DRIFT_IN_HERMES,PROMOTE_AAA,2 physical branches detected across federation.
FORGE-kimi-code,CODING,A2M,HERMES|AAA,"{""HERMES"": ""e349d3913ca52847"", ""AAA"": ""3abf74873e25a22b""}",A2M_DRIFT_IN_HERMES,PROMOTE_AAA,2 physical branches detected across federation.
ASI-fabrication-prevention,RESEARCH,HERMES,HERMES|AAA,"{""HERMES"": ""d4b099b422b83d15"", ""AAA"": ""c812fe41cc05de0a""}",BIDIRECTIONAL_DIVERGENCE,MERGE,2 physical branches detected across federation.
runpodctl,RESEARCH,HERMES,HERMES|AAA,"{""HERMES"": ""f36ccf655f1ffa0f"", ""AAA"": ""f0a6f15c493c0b5a""}",BIDIRECTIONAL_DIVERGENCE,MERGE,2 physical branches detected across federation.
FORGE-skill-linter,RESEARCH,HERMES,HERMES|KIMI,"{""HERMES"": ""059f4054cbbcfebe"", ""KIMI"": ""cbff8c0b03677476""}",SPECIALIZATION,MERGE,2 physical branches detected across federation.
